{"cameraMode":{"drawMode":0,"name":"Shaded","section":"Shading Mode"},"sceneLighting":false,"audioPlay":false,"sceneViewState":{"m_AlwaysRefresh":false,"showFog":true,"showSkybox":false,"showFlares":true,"showImageEffects":true,"showParticleSystems":true,"showVisualEffectGraphs":true,"m_FxEnabled":true},"in2DMode":false,"pivot":{"x":2.4000000953674318,"y":0.6000000238418579,"z":2.9200000762939455},"rotation":{"x":-0.329334557056427,"y":0.21735678613185883,"z":-0.07818799465894699,"w":-0.9155240058898926},"size":0.8660253882408142,"orthographic":false}